size,group,metric,a,b,diff,ci_low,ci_high,p_boot,n
100,toutes_avec_reponse,mrr,pryzm_actuel,pryzm_hybride,0.0,0.0,0.0,1.0,183
100,toutes_avec_reponse,mrr,pryzm_actuel,pryzm_sans_rerank,0.5481,0.4874,0.6048,0.0,183
100,toutes_avec_reponse,mrr,pryzm_actuel,pryzm_passage,0.0111,-0.0093,0.036,0.344,183
100,toutes_avec_reponse,mrr,pryzm_actuel,bm25,0.246,0.1738,0.3199,0.0,183
100,toutes_avec_reponse,mrr,pryzm_actuel,dense_e5,0.0181,-0.0369,0.0709,0.478,183
100,toutes_avec_reponse,mrr,pryzm_hybride,pryzm_actuel,0.0,0.0,0.0,1.0,183
100,toutes_avec_reponse,mrr,pryzm_hybride,pryzm_sans_rerank,0.5481,0.4874,0.6048,0.0,183
100,toutes_avec_reponse,mrr,pryzm_hybride,pryzm_passage,0.0111,-0.0093,0.036,0.344,183
100,toutes_avec_reponse,mrr,pryzm_hybride,bm25,0.246,0.1738,0.3199,0.0,183
100,toutes_avec_reponse,mrr,pryzm_hybride,dense_e5,0.0181,-0.0369,0.0709,0.478,183
100,toutes_avec_reponse,r@5,pryzm_actuel,pryzm_hybride,0.0,0.0,0.0,1.0,183
100,toutes_avec_reponse,r@5,pryzm_actuel,pryzm_sans_rerank,0.4399,0.3661,0.5137,0.0,183
100,toutes_avec_reponse,r@5,pryzm_actuel,pryzm_passage,0.0027,-0.0246,0.0301,0.942,183
100,toutes_avec_reponse,r@5,pryzm_actuel,bm25,0.2896,0.2158,0.3634,0.0,183
100,toutes_avec_reponse,r@5,pryzm_actuel,dense_e5,-0.0328,-0.082,0.0191,0.238,183
100,toutes_avec_reponse,r@5,pryzm_hybride,pryzm_actuel,0.0,0.0,0.0,1.0,183
100,toutes_avec_reponse,r@5,pryzm_hybride,pryzm_sans_rerank,0.4399,0.3661,0.5137,0.0,183
100,toutes_avec_reponse,r@5,pryzm_hybride,pryzm_passage,0.0027,-0.0246,0.0301,0.942,183
100,toutes_avec_reponse,r@5,pryzm_hybride,bm25,0.2896,0.2158,0.3634,0.0,183
100,toutes_avec_reponse,r@5,pryzm_hybride,dense_e5,-0.0328,-0.082,0.0191,0.238,183
100,toutes_avec_reponse,r@1,pryzm_actuel,pryzm_hybride,0.0,0.0,0.0,1.0,183
100,toutes_avec_reponse,r@1,pryzm_actuel,pryzm_sans_rerank,0.5328,0.4645,0.6038,0.0,183
100,toutes_avec_reponse,r@1,pryzm_actuel,pryzm_passage,0.0137,-0.0082,0.0383,0.297,183
100,toutes_avec_reponse,r@1,pryzm_actuel,bm25,0.2104,0.1339,0.2896,0.0,183
100,toutes_avec_reponse,r@1,pryzm_actuel,dense_e5,0.0519,-0.0246,0.1312,0.186,183
100,toutes_avec_reponse,r@1,pryzm_hybride,pryzm_actuel,0.0,0.0,0.0,1.0,183
100,toutes_avec_reponse,r@1,pryzm_hybride,pryzm_sans_rerank,0.5328,0.4645,0.6038,0.0,183
100,toutes_avec_reponse,r@1,pryzm_hybride,pryzm_passage,0.0137,-0.0082,0.0383,0.297,183
100,toutes_avec_reponse,r@1,pryzm_hybride,bm25,0.2104,0.1339,0.2896,0.0,183
100,toutes_avec_reponse,r@1,pryzm_hybride,dense_e5,0.0519,-0.0246,0.1312,0.186,183
100,simple,mrr,pryzm_actuel,pryzm_hybride,0.0,0.0,0.0,1.0,135
100,simple,mrr,pryzm_actuel,pryzm_sans_rerank,0.5202,0.4507,0.5909,0.0,135
100,simple,mrr,pryzm_actuel,pryzm_passage,0.0083,-0.0165,0.038,0.575,135
100,simple,mrr,pryzm_actuel,bm25,0.272,0.1857,0.3602,0.0,135
100,simple,mrr,pryzm_actuel,dense_e5,0.0255,-0.0412,0.0948,0.438,135
100,simple,mrr,pryzm_hybride,pryzm_actuel,0.0,0.0,0.0,1.0,135
100,simple,mrr,pryzm_hybride,pryzm_sans_rerank,0.5202,0.4507,0.5909,0.0,135
100,simple,mrr,pryzm_hybride,pryzm_passage,0.0083,-0.0165,0.038,0.575,135
100,simple,mrr,pryzm_hybride,bm25,0.272,0.1857,0.3602,0.0,135
100,simple,mrr,pryzm_hybride,dense_e5,0.0255,-0.0412,0.0948,0.438,135
100,multihop,complet@5,pryzm_actuel,pryzm_hybride,0.0,0.0,0.0,1.0,24
100,multihop,complet@5,pryzm_actuel,pryzm_sans_rerank,0.2917,0.125,0.5,0.0,24
100,multihop,complet@5,pryzm_actuel,pryzm_passage,0.0,-0.125,0.125,1.0,24
100,multihop,complet@5,pryzm_actuel,bm25,0.1667,0.0,0.375,0.109,24
100,multihop,complet@5,pryzm_actuel,dense_e5,-0.0833,-0.2917,0.125,0.507,24
100,multihop,complet@5,pryzm_hybride,pryzm_actuel,0.0,0.0,0.0,1.0,24
100,multihop,complet@5,pryzm_hybride,pryzm_sans_rerank,0.2917,0.125,0.5,0.0,24
100,multihop,complet@5,pryzm_hybride,pryzm_passage,0.0,-0.125,0.125,1.0,24
100,multihop,complet@5,pryzm_hybride,bm25,0.1667,0.0,0.375,0.109,24
100,multihop,complet@5,pryzm_hybride,dense_e5,-0.0833,-0.2917,0.125,0.507,24
100,temporal,a_jour@5,pryzm_actuel,pryzm_hybride,0.0,0.0,0.0,1.0,24
100,temporal,a_jour@5,pryzm_actuel,pryzm_sans_rerank,-0.0833,-0.2917,0.125,0.546,24
100,temporal,a_jour@5,pryzm_actuel,pryzm_passage,0.0,0.0,0.0,1.0,24
100,temporal,a_jour@5,pryzm_actuel,bm25,0.2083,0.0417,0.375,0.002,24
100,temporal,a_jour@5,pryzm_actuel,dense_e5,-0.0417,-0.3333,0.25,0.906,24
100,temporal,a_jour@5,pryzm_hybride,pryzm_actuel,0.0,0.0,0.0,1.0,24
100,temporal,a_jour@5,pryzm_hybride,pryzm_sans_rerank,-0.0833,-0.2917,0.125,0.546,24
100,temporal,a_jour@5,pryzm_hybride,pryzm_passage,0.0,0.0,0.0,1.0,24
100,temporal,a_jour@5,pryzm_hybride,bm25,0.2083,0.0417,0.375,0.002,24
100,temporal,a_jour@5,pryzm_hybride,dense_e5,-0.0417,-0.3333,0.25,0.906,24
100,style_indirecte,r@5,pryzm_actuel,pryzm_hybride,0.0,0.0,0.0,1.0,45
100,style_indirecte,r@5,pryzm_actuel,pryzm_sans_rerank,0.2667,0.1111,0.4222,0.0,45
100,style_indirecte,r@5,pryzm_actuel,pryzm_passage,0.0,-0.0667,0.0667,1.0,45
100,style_indirecte,r@5,pryzm_actuel,bm25,0.2667,0.0889,0.4444,0.005,45
100,style_indirecte,r@5,pryzm_actuel,dense_e5,-0.0889,-0.2444,0.0667,0.334,45
100,style_indirecte,r@5,pryzm_hybride,pryzm_actuel,0.0,0.0,0.0,1.0,45
100,style_indirecte,r@5,pryzm_hybride,pryzm_sans_rerank,0.2667,0.1111,0.4222,0.0,45
100,style_indirecte,r@5,pryzm_hybride,pryzm_passage,0.0,-0.0667,0.0667,1.0,45
100,style_indirecte,r@5,pryzm_hybride,bm25,0.2667,0.0889,0.4444,0.005,45
100,style_indirecte,r@5,pryzm_hybride,dense_e5,-0.0889,-0.2444,0.0667,0.334,45
100,style_crosslingue,r@5,pryzm_actuel,pryzm_hybride,0.0,0.0,0.0,1.0,45
100,style_crosslingue,r@5,pryzm_actuel,pryzm_sans_rerank,0.4222,0.2667,0.5778,0.0,45
100,style_crosslingue,r@5,pryzm_actuel,pryzm_passage,0.0,-0.0889,0.0889,1.0,45
100,style_crosslingue,r@5,pryzm_actuel,bm25,0.5333,0.3778,0.6889,0.0,45
100,style_crosslingue,r@5,pryzm_actuel,dense_e5,0.0667,-0.0222,0.1556,0.234,45
100,style_crosslingue,r@5,pryzm_hybride,pryzm_actuel,0.0,0.0,0.0,1.0,45
100,style_crosslingue,r@5,pryzm_hybride,pryzm_sans_rerank,0.4222,0.2667,0.5778,0.0,45
100,style_crosslingue,r@5,pryzm_hybride,pryzm_passage,0.0,-0.0889,0.0889,1.0,45
100,style_crosslingue,r@5,pryzm_hybride,bm25,0.5333,0.3778,0.6889,0.0,45
100,style_crosslingue,r@5,pryzm_hybride,dense_e5,0.0667,-0.0222,0.1556,0.234,45
100,style_identifiant,r@5,pryzm_actuel,pryzm_hybride,0.0,0.0,0.0,1.0,4
100,style_identifiant,r@5,pryzm_actuel,pryzm_sans_rerank,1.0,1.0,1.0,0.0,4
100,style_identifiant,r@5,pryzm_actuel,pryzm_passage,0.0,0.0,0.0,1.0,4
100,style_identifiant,r@5,pryzm_actuel,bm25,0.0,0.0,0.0,1.0,4
100,style_identifiant,r@5,pryzm_actuel,dense_e5,0.0,0.0,0.0,1.0,4
100,style_identifiant,r@5,pryzm_hybride,pryzm_actuel,0.0,0.0,0.0,1.0,4
100,style_identifiant,r@5,pryzm_hybride,pryzm_sans_rerank,1.0,1.0,1.0,0.0,4
100,style_identifiant,r@5,pryzm_hybride,pryzm_passage,0.0,0.0,0.0,1.0,4
100,style_identifiant,r@5,pryzm_hybride,bm25,0.0,0.0,0.0,1.0,4
100,style_identifiant,r@5,pryzm_hybride,dense_e5,0.0,0.0,0.0,1.0,4
100,sans_reponse,abstention_ok,pryzm_actuel,pryzm_hybride,0.0,0.0,0.0,1.0,40
100,sans_reponse,abstention_ok,pryzm_actuel,pryzm_sans_rerank,0.0,0.0,0.0,1.0,40
100,sans_reponse,abstention_ok,pryzm_actuel,pryzm_passage,0.0,0.0,0.0,1.0,40
100,sans_reponse,abstention_ok,pryzm_actuel,bm25,-0.7,-0.825,-0.55,0.0,40
100,sans_reponse,abstention_ok,pryzm_actuel,dense_e5,0.0,0.0,0.0,1.0,40
100,sans_reponse,abstention_ok,pryzm_hybride,pryzm_actuel,0.0,0.0,0.0,1.0,40
100,sans_reponse,abstention_ok,pryzm_hybride,pryzm_sans_rerank,0.0,0.0,0.0,1.0,40
100,sans_reponse,abstention_ok,pryzm_hybride,pryzm_passage,0.0,0.0,0.0,1.0,40
100,sans_reponse,abstention_ok,pryzm_hybride,bm25,-0.7,-0.825,-0.55,0.0,40
100,sans_reponse,abstention_ok,pryzm_hybride,dense_e5,0.0,0.0,0.0,1.0,40
250,toutes_avec_reponse,mrr,pryzm_actuel,pryzm_hybride,0.0,0.0,0.0,1.0,183
250,toutes_avec_reponse,mrr,pryzm_actuel,pryzm_sans_rerank,0.5083,0.4434,0.5725,0.0,183
250,toutes_avec_reponse,mrr,pryzm_actuel,pryzm_passage,0.0046,-0.0211,0.0317,0.765,183
250,toutes_avec_reponse,mrr,pryzm_actuel,bm25,0.2479,0.1787,0.3192,0.0,183
250,toutes_avec_reponse,mrr,pryzm_actuel,dense_e5,0.0489,-0.0073,0.1051,0.073,183
250,toutes_avec_reponse,mrr,pryzm_hybride,pryzm_actuel,0.0,0.0,0.0,1.0,183
250,toutes_avec_reponse,mrr,pryzm_hybride,pryzm_sans_rerank,0.5083,0.4434,0.5725,0.0,183
250,toutes_avec_reponse,mrr,pryzm_hybride,pryzm_passage,0.0046,-0.0211,0.0317,0.765,183
250,toutes_avec_reponse,mrr,pryzm_hybride,bm25,0.2479,0.1787,0.3192,0.0,183
250,toutes_avec_reponse,mrr,pryzm_hybride,dense_e5,0.0489,-0.0073,0.1051,0.073,183
250,toutes_avec_reponse,r@5,pryzm_actuel,pryzm_hybride,0.0,0.0,0.0,1.0,183
250,toutes_avec_reponse,r@5,pryzm_actuel,pryzm_sans_rerank,0.3934,0.3169,0.4672,0.0,183
250,toutes_avec_reponse,r@5,pryzm_actuel,pryzm_passage,-0.0055,-0.0383,0.0301,0.8,183
250,toutes_avec_reponse,r@5,pryzm_actuel,bm25,0.2787,0.2049,0.3552,0.0,183
250,toutes_avec_reponse,r@5,pryzm_actuel,dense_e5,-0.0055,-0.0601,0.0546,0.933,183
250,toutes_avec_reponse,r@5,pryzm_hybride,pryzm_actuel,0.0,0.0,0.0,1.0,183
250,toutes_avec_reponse,r@5,pryzm_hybride,pryzm_sans_rerank,0.3934,0.3169,0.4672,0.0,183
250,toutes_avec_reponse,r@5,pryzm_hybride,pryzm_passage,-0.0055,-0.0383,0.0301,0.8,183
250,toutes_avec_reponse,r@5,pryzm_hybride,bm25,0.2787,0.2049,0.3552,0.0,183
250,toutes_avec_reponse,r@5,pryzm_hybride,dense_e5,-0.0055,-0.0601,0.0546,0.933,183
250,toutes_avec_reponse,r@1,pryzm_actuel,pryzm_hybride,0.0,0.0,0.0,1.0,183
250,toutes_avec_reponse,r@1,pryzm_actuel,pryzm_sans_rerank,0.5,0.4262,0.5738,0.0,183
250,toutes_avec_reponse,r@1,pryzm_actuel,pryzm_passage,0.0055,-0.0219,0.0328,0.792,183
250,toutes_avec_reponse,r@1,pryzm_actuel,bm25,0.2186,0.1448,0.2951,0.0,183
250,toutes_avec_reponse,r@1,pryzm_actuel,dense_e5,0.0847,0.0109,0.1612,0.029,183
250,toutes_avec_reponse,r@1,pryzm_hybride,pryzm_actuel,0.0,0.0,0.0,1.0,183
250,toutes_avec_reponse,r@1,pryzm_hybride,pryzm_sans_rerank,0.5,0.4262,0.5738,0.0,183
250,toutes_avec_reponse,r@1,pryzm_hybride,pryzm_passage,0.0055,-0.0219,0.0328,0.792,183
250,toutes_avec_reponse,r@1,pryzm_hybride,bm25,0.2186,0.1448,0.2951,0.0,183
250,toutes_avec_reponse,r@1,pryzm_hybride,dense_e5,0.0847,0.0109,0.1612,0.029,183
250,simple,mrr,pryzm_actuel,pryzm_hybride,0.0,0.0,0.0,1.0,135
250,simple,mrr,pryzm_actuel,pryzm_sans_rerank,0.476,0.3975,0.5539,0.0,135
250,simple,mrr,pryzm_actuel,pryzm_passage,-0.0064,-0.0367,0.0261,0.638,135
250,simple,mrr,pryzm_actuel,bm25,0.2669,0.1884,0.3497,0.0,135
250,simple,mrr,pryzm_actuel,dense_e5,0.0575,-0.0125,0.1248,0.085,135
250,simple,mrr,pryzm_hybride,pryzm_actuel,0.0,0.0,0.0,1.0,135
250,simple,mrr,pryzm_hybride,pryzm_sans_rerank,0.476,0.3975,0.5539,0.0,135
250,simple,mrr,pryzm_hybride,pryzm_passage,-0.0064,-0.0367,0.0261,0.638,135
250,simple,mrr,pryzm_hybride,bm25,0.2669,0.1884,0.3497,0.0,135
250,simple,mrr,pryzm_hybride,dense_e5,0.0575,-0.0125,0.1248,0.085,135
250,multihop,complet@5,pryzm_actuel,pryzm_hybride,0.0,0.0,0.0,1.0,24
250,multihop,complet@5,pryzm_actuel,pryzm_sans_rerank,0.2083,0.0417,0.375,0.008,24
250,multihop,complet@5,pryzm_actuel,pryzm_passage,0.0,0.0,0.0,1.0,24
250,multihop,complet@5,pryzm_actuel,bm25,0.0833,-0.0833,0.25,0.444,24
250,multihop,complet@5,pryzm_actuel,dense_e5,-0.0417,-0.25,0.1667,0.885,24
250,multihop,complet@5,pryzm_hybride,pryzm_actuel,0.0,0.0,0.0,1.0,24
250,multihop,complet@5,pryzm_hybride,pryzm_sans_rerank,0.2083,0.0417,0.375,0.008,24
250,multihop,complet@5,pryzm_hybride,pryzm_passage,0.0,0.0,0.0,1.0,24
250,multihop,complet@5,pryzm_hybride,bm25,0.0833,-0.0833,0.25,0.444,24
250,multihop,complet@5,pryzm_hybride,dense_e5,-0.0417,-0.25,0.1667,0.885,24
250,temporal,a_jour@5,pryzm_actuel,pryzm_hybride,0.0,0.0,0.0,1.0,24
250,temporal,a_jour@5,pryzm_actuel,pryzm_sans_rerank,-0.3333,-0.5417,-0.125,0.004,24
250,temporal,a_jour@5,pryzm_actuel,pryzm_passage,0.0,0.0,0.0,1.0,24
250,temporal,a_jour@5,pryzm_actuel,bm25,0.2083,0.0417,0.375,0.002,24
250,temporal,a_jour@5,pryzm_actuel,dense_e5,-0.0417,-0.3333,0.25,0.906,24
250,temporal,a_jour@5,pryzm_hybride,pryzm_actuel,0.0,0.0,0.0,1.0,24
250,temporal,a_jour@5,pryzm_hybride,pryzm_sans_rerank,-0.3333,-0.5417,-0.125,0.004,24
250,temporal,a_jour@5,pryzm_hybride,pryzm_passage,0.0,0.0,0.0,1.0,24
250,temporal,a_jour@5,pryzm_hybride,bm25,0.2083,0.0417,0.375,0.002,24
250,temporal,a_jour@5,pryzm_hybride,dense_e5,-0.0417,-0.3333,0.25,0.906,24
250,style_indirecte,r@5,pryzm_actuel,pryzm_hybride,0.0,0.0,0.0,1.0,45
250,style_indirecte,r@5,pryzm_actuel,pryzm_sans_rerank,0.2889,0.1111,0.4667,0.001,45
250,style_indirecte,r@5,pryzm_actuel,pryzm_passage,-0.0222,-0.1333,0.0667,0.834,45
250,style_indirecte,r@5,pryzm_actuel,bm25,0.2222,0.0667,0.3778,0.009,45
250,style_indirecte,r@5,pryzm_actuel,dense_e5,0.0,-0.1333,0.1556,1.0,45
250,style_indirecte,r@5,pryzm_hybride,pryzm_actuel,0.0,0.0,0.0,1.0,45
250,style_indirecte,r@5,pryzm_hybride,pryzm_sans_rerank,0.2889,0.1111,0.4667,0.001,45
250,style_indirecte,r@5,pryzm_hybride,pryzm_passage,-0.0222,-0.1333,0.0667,0.834,45
250,style_indirecte,r@5,pryzm_hybride,bm25,0.2222,0.0667,0.3778,0.009,45
250,style_indirecte,r@5,pryzm_hybride,dense_e5,0.0,-0.1333,0.1556,1.0,45
250,style_crosslingue,r@5,pryzm_actuel,pryzm_hybride,0.0,0.0,0.0,1.0,45
250,style_crosslingue,r@5,pryzm_actuel,pryzm_sans_rerank,0.4,0.2444,0.5556,0.0,45
250,style_crosslingue,r@5,pryzm_actuel,pryzm_passage,-0.0222,-0.0889,0.0444,0.776,45
250,style_crosslingue,r@5,pryzm_actuel,bm25,0.4889,0.3333,0.6444,0.0,45
250,style_crosslingue,r@5,pryzm_actuel,dense_e5,0.0667,-0.0444,0.1778,0.322,45
250,style_crosslingue,r@5,pryzm_hybride,pryzm_actuel,0.0,0.0,0.0,1.0,45
250,style_crosslingue,r@5,pryzm_hybride,pryzm_sans_rerank,0.4,0.2444,0.5556,0.0,45
250,style_crosslingue,r@5,pryzm_hybride,pryzm_passage,-0.0222,-0.0889,0.0444,0.776,45
250,style_crosslingue,r@5,pryzm_hybride,bm25,0.4889,0.3333,0.6444,0.0,45
250,style_crosslingue,r@5,pryzm_hybride,dense_e5,0.0667,-0.0444,0.1778,0.322,45
250,style_identifiant,r@5,pryzm_actuel,pryzm_hybride,0.0,0.0,0.0,1.0,4
250,style_identifiant,r@5,pryzm_actuel,pryzm_sans_rerank,1.0,1.0,1.0,0.0,4
250,style_identifiant,r@5,pryzm_actuel,pryzm_passage,0.0,0.0,0.0,1.0,4
250,style_identifiant,r@5,pryzm_actuel,bm25,0.0,0.0,0.0,1.0,4
250,style_identifiant,r@5,pryzm_actuel,dense_e5,0.0,0.0,0.0,1.0,4
250,style_identifiant,r@5,pryzm_hybride,pryzm_actuel,0.0,0.0,0.0,1.0,4
250,style_identifiant,r@5,pryzm_hybride,pryzm_sans_rerank,1.0,1.0,1.0,0.0,4
250,style_identifiant,r@5,pryzm_hybride,pryzm_passage,0.0,0.0,0.0,1.0,4
250,style_identifiant,r@5,pryzm_hybride,bm25,0.0,0.0,0.0,1.0,4
250,style_identifiant,r@5,pryzm_hybride,dense_e5,0.0,0.0,0.0,1.0,4
250,sans_reponse,abstention_ok,pryzm_actuel,pryzm_hybride,0.0,0.0,0.0,1.0,40
250,sans_reponse,abstention_ok,pryzm_actuel,pryzm_sans_rerank,0.0,0.0,0.0,1.0,40
250,sans_reponse,abstention_ok,pryzm_actuel,pryzm_passage,0.0,0.0,0.0,1.0,40
250,sans_reponse,abstention_ok,pryzm_actuel,bm25,-0.575,-0.725,-0.425,0.0,40
250,sans_reponse,abstention_ok,pryzm_actuel,dense_e5,0.0,0.0,0.0,1.0,40
250,sans_reponse,abstention_ok,pryzm_hybride,pryzm_actuel,0.0,0.0,0.0,1.0,40
250,sans_reponse,abstention_ok,pryzm_hybride,pryzm_sans_rerank,0.0,0.0,0.0,1.0,40
250,sans_reponse,abstention_ok,pryzm_hybride,pryzm_passage,0.0,0.0,0.0,1.0,40
250,sans_reponse,abstention_ok,pryzm_hybride,bm25,-0.575,-0.725,-0.425,0.0,40
250,sans_reponse,abstention_ok,pryzm_hybride,dense_e5,0.0,0.0,0.0,1.0,40
500,toutes_avec_reponse,mrr,pryzm_actuel,pryzm_hybride,0.0,0.0,0.0,1.0,183
500,toutes_avec_reponse,mrr,pryzm_actuel,pryzm_sans_rerank,0.4687,0.4031,0.5329,0.0,183
500,toutes_avec_reponse,mrr,pryzm_actuel,pryzm_passage,-0.0036,-0.031,0.0248,0.794,183
500,toutes_avec_reponse,mrr,pryzm_actuel,bm25,0.2231,0.1536,0.2922,0.0,183
500,toutes_avec_reponse,mrr,pryzm_actuel,dense_e5,0.0537,-0.001,0.1117,0.055,183
500,toutes_avec_reponse,mrr,pryzm_hybride,pryzm_actuel,0.0,0.0,0.0,1.0,183
500,toutes_avec_reponse,mrr,pryzm_hybride,pryzm_sans_rerank,0.4687,0.4031,0.5329,0.0,183
500,toutes_avec_reponse,mrr,pryzm_hybride,pryzm_passage,-0.0036,-0.031,0.0248,0.794,183
500,toutes_avec_reponse,mrr,pryzm_hybride,bm25,0.2231,0.1536,0.2922,0.0,183
500,toutes_avec_reponse,mrr,pryzm_hybride,dense_e5,0.0537,-0.001,0.1117,0.055,183
500,toutes_avec_reponse,r@5,pryzm_actuel,pryzm_hybride,0.0,0.0,0.0,1.0,183
500,toutes_avec_reponse,r@5,pryzm_actuel,pryzm_sans_rerank,0.2869,0.2077,0.3634,0.0,183
500,toutes_avec_reponse,r@5,pryzm_actuel,pryzm_passage,-0.0055,-0.0437,0.0328,0.826,183
500,toutes_avec_reponse,r@5,pryzm_actuel,bm25,0.2459,0.1694,0.3197,0.0,183
500,toutes_avec_reponse,r@5,pryzm_actuel,dense_e5,0.0,-0.0519,0.0574,0.995,183
500,toutes_avec_reponse,r@5,pryzm_hybride,pryzm_actuel,0.0,0.0,0.0,1.0,183
500,toutes_avec_reponse,r@5,pryzm_hybride,pryzm_sans_rerank,0.2869,0.2077,0.3634,0.0,183
500,toutes_avec_reponse,r@5,pryzm_hybride,pryzm_passage,-0.0055,-0.0437,0.0328,0.826,183
500,toutes_avec_reponse,r@5,pryzm_hybride,bm25,0.2459,0.1694,0.3197,0.0,183
500,toutes_avec_reponse,r@5,pryzm_hybride,dense_e5,0.0,-0.0519,0.0574,0.995,183
500,toutes_avec_reponse,r@1,pryzm_actuel,pryzm_hybride,0.0,0.0,0.0,1.0,183
500,toutes_avec_reponse,r@1,pryzm_actuel,pryzm_sans_rerank,0.4781,0.4044,0.5492,0.0,183
500,toutes_avec_reponse,r@1,pryzm_actuel,pryzm_passage,-0.0164,-0.0437,0.0083,0.263,183
500,toutes_avec_reponse,r@1,pryzm_actuel,bm25,0.1967,0.123,0.2705,0.0,183
500,toutes_avec_reponse,r@1,pryzm_actuel,dense_e5,0.071,0.0,0.1421,0.054,183
500,toutes_avec_reponse,r@1,pryzm_hybride,pryzm_actuel,0.0,0.0,0.0,1.0,183
500,toutes_avec_reponse,r@1,pryzm_hybride,pryzm_sans_rerank,0.4781,0.4044,0.5492,0.0,183
500,toutes_avec_reponse,r@1,pryzm_hybride,pryzm_passage,-0.0164,-0.0437,0.0083,0.263,183
500,toutes_avec_reponse,r@1,pryzm_hybride,bm25,0.1967,0.123,0.2705,0.0,183
500,toutes_avec_reponse,r@1,pryzm_hybride,dense_e5,0.071,0.0,0.1421,0.054,183
500,simple,mrr,pryzm_actuel,pryzm_hybride,0.0,0.0,0.0,1.0,135
500,simple,mrr,pryzm_actuel,pryzm_sans_rerank,0.4521,0.3712,0.5316,0.0,135
500,simple,mrr,pryzm_actuel,pryzm_passage,-0.0165,-0.0479,0.0138,0.29,135
500,simple,mrr,pryzm_actuel,bm25,0.2466,0.1664,0.3291,0.0,135
500,simple,mrr,pryzm_actuel,dense_e5,0.0658,-0.0,0.1315,0.045,135
500,simple,mrr,pryzm_hybride,pryzm_actuel,0.0,0.0,0.0,1.0,135
500,simple,mrr,pryzm_hybride,pryzm_sans_rerank,0.4521,0.3712,0.5316,0.0,135
500,simple,mrr,pryzm_hybride,pryzm_passage,-0.0165,-0.0479,0.0138,0.29,135
500,simple,mrr,pryzm_hybride,bm25,0.2466,0.1664,0.3291,0.0,135
500,simple,mrr,pryzm_hybride,dense_e5,0.0658,-0.0,0.1315,0.045,135
500,multihop,complet@5,pryzm_actuel,pryzm_hybride,0.0,0.0,0.0,1.0,24
500,multihop,complet@5,pryzm_actuel,pryzm_sans_rerank,0.125,0.0,0.2917,0.083,24
500,multihop,complet@5,pryzm_actuel,pryzm_passage,0.0,-0.125,0.125,1.0,24
500,multihop,complet@5,pryzm_actuel,bm25,0.0,-0.125,0.125,1.0,24
500,multihop,complet@5,pryzm_actuel,dense_e5,-0.0417,-0.2083,0.0833,0.791,24
500,multihop,complet@5,pryzm_hybride,pryzm_actuel,0.0,0.0,0.0,1.0,24
500,multihop,complet@5,pryzm_hybride,pryzm_sans_rerank,0.125,0.0,0.2917,0.083,24
500,multihop,complet@5,pryzm_hybride,pryzm_passage,0.0,-0.125,0.125,1.0,24
500,multihop,complet@5,pryzm_hybride,bm25,0.0,-0.125,0.125,1.0,24
500,multihop,complet@5,pryzm_hybride,dense_e5,-0.0417,-0.2083,0.0833,0.791,24
500,temporal,a_jour@5,pryzm_actuel,pryzm_hybride,0.0,0.0,0.0,1.0,24
500,temporal,a_jour@5,pryzm_actuel,pryzm_sans_rerank,-0.5,-0.7083,-0.2917,0.0,24
500,temporal,a_jour@5,pryzm_actuel,pryzm_passage,-0.0417,-0.125,0.0,0.705,24
500,temporal,a_jour@5,pryzm_actuel,bm25,0.2083,0.0417,0.375,0.002,24
500,temporal,a_jour@5,pryzm_actuel,dense_e5,-0.0417,-0.3333,0.25,0.906,24
500,temporal,a_jour@5,pryzm_hybride,pryzm_actuel,0.0,0.0,0.0,1.0,24
500,temporal,a_jour@5,pryzm_hybride,pryzm_sans_rerank,-0.5,-0.7083,-0.2917,0.0,24
500,temporal,a_jour@5,pryzm_hybride,pryzm_passage,-0.0417,-0.125,0.0,0.705,24
500,temporal,a_jour@5,pryzm_hybride,bm25,0.2083,0.0417,0.375,0.002,24
500,temporal,a_jour@5,pryzm_hybride,dense_e5,-0.0417,-0.3333,0.25,0.906,24
500,style_indirecte,r@5,pryzm_actuel,pryzm_hybride,0.0,0.0,0.0,1.0,45
500,style_indirecte,r@5,pryzm_actuel,pryzm_sans_rerank,0.1778,0.0222,0.3556,0.05,45
500,style_indirecte,r@5,pryzm_actuel,pryzm_passage,0.0,-0.1111,0.1111,1.0,45
500,style_indirecte,r@5,pryzm_actuel,bm25,0.2222,0.0667,0.3778,0.015,45
500,style_indirecte,r@5,pryzm_actuel,dense_e5,0.0,-0.1333,0.1556,1.0,45
500,style_indirecte,r@5,pryzm_hybride,pryzm_actuel,0.0,0.0,0.0,1.0,45
500,style_indirecte,r@5,pryzm_hybride,pryzm_sans_rerank,0.1778,0.0222,0.3556,0.05,45
500,style_indirecte,r@5,pryzm_hybride,pryzm_passage,0.0,-0.1111,0.1111,1.0,45
500,style_indirecte,r@5,pryzm_hybride,bm25,0.2222,0.0667,0.3778,0.015,45
500,style_indirecte,r@5,pryzm_hybride,dense_e5,0.0,-0.1333,0.1556,1.0,45
500,style_crosslingue,r@5,pryzm_actuel,pryzm_hybride,0.0,0.0,0.0,1.0,45
500,style_crosslingue,r@5,pryzm_actuel,pryzm_sans_rerank,0.3333,0.1778,0.4889,0.0,45
500,style_crosslingue,r@5,pryzm_actuel,pryzm_passage,-0.0222,-0.1111,0.0667,0.809,45
500,style_crosslingue,r@5,pryzm_actuel,bm25,0.4667,0.3111,0.6006,0.0,45
500,style_crosslingue,r@5,pryzm_actuel,dense_e5,0.0889,-0.0444,0.2222,0.25,45
500,style_crosslingue,r@5,pryzm_hybride,pryzm_actuel,0.0,0.0,0.0,1.0,45
500,style_crosslingue,r@5,pryzm_hybride,pryzm_sans_rerank,0.3333,0.1778,0.4889,0.0,45
500,style_crosslingue,r@5,pryzm_hybride,pryzm_passage,-0.0222,-0.1111,0.0667,0.809,45
500,style_crosslingue,r@5,pryzm_hybride,bm25,0.4667,0.3111,0.6006,0.0,45
500,style_crosslingue,r@5,pryzm_hybride,dense_e5,0.0889,-0.0444,0.2222,0.25,45
500,style_identifiant,r@5,pryzm_actuel,pryzm_hybride,0.0,0.0,0.0,1.0,4
500,style_identifiant,r@5,pryzm_actuel,pryzm_sans_rerank,0.75,0.25,1.0,0.006,4
500,style_identifiant,r@5,pryzm_actuel,pryzm_passage,0.0,0.0,0.0,1.0,4
500,style_identifiant,r@5,pryzm_actuel,bm25,0.0,0.0,0.0,1.0,4
500,style_identifiant,r@5,pryzm_actuel,dense_e5,0.0,0.0,0.0,1.0,4
500,style_identifiant,r@5,pryzm_hybride,pryzm_actuel,0.0,0.0,0.0,1.0,4
500,style_identifiant,r@5,pryzm_hybride,pryzm_sans_rerank,0.75,0.25,1.0,0.006,4
500,style_identifiant,r@5,pryzm_hybride,pryzm_passage,0.0,0.0,0.0,1.0,4
500,style_identifiant,r@5,pryzm_hybride,bm25,0.0,0.0,0.0,1.0,4
500,style_identifiant,r@5,pryzm_hybride,dense_e5,0.0,0.0,0.0,1.0,4
500,sans_reponse,abstention_ok,pryzm_actuel,pryzm_hybride,0.0,0.0,0.0,1.0,40
500,sans_reponse,abstention_ok,pryzm_actuel,pryzm_sans_rerank,0.0,0.0,0.0,1.0,40
500,sans_reponse,abstention_ok,pryzm_actuel,pryzm_passage,0.0,0.0,0.0,1.0,40
500,sans_reponse,abstention_ok,pryzm_actuel,bm25,-0.575,-0.725,-0.425,0.0,40
500,sans_reponse,abstention_ok,pryzm_actuel,dense_e5,0.0,0.0,0.0,1.0,40
500,sans_reponse,abstention_ok,pryzm_hybride,pryzm_actuel,0.0,0.0,0.0,1.0,40
500,sans_reponse,abstention_ok,pryzm_hybride,pryzm_sans_rerank,0.0,0.0,0.0,1.0,40
500,sans_reponse,abstention_ok,pryzm_hybride,pryzm_passage,0.0,0.0,0.0,1.0,40
500,sans_reponse,abstention_ok,pryzm_hybride,bm25,-0.575,-0.725,-0.425,0.0,40
500,sans_reponse,abstention_ok,pryzm_hybride,dense_e5,0.0,0.0,0.0,1.0,40
1000,toutes_avec_reponse,mrr,pryzm_actuel,pryzm_hybride,0.0,0.0,0.0,1.0,183
1000,toutes_avec_reponse,mrr,pryzm_actuel,pryzm_sans_rerank,0.4353,0.365,0.502,0.0,183
1000,toutes_avec_reponse,mrr,pryzm_actuel,pryzm_passage,0.0192,-0.0155,0.0557,0.333,183
1000,toutes_avec_reponse,mrr,pryzm_actuel,bm25,0.2054,0.1368,0.2738,0.0,183
1000,toutes_avec_reponse,mrr,pryzm_actuel,dense_e5,0.0503,-0.003,0.1038,0.053,183
1000,toutes_avec_reponse,mrr,pryzm_hybride,pryzm_actuel,0.0,0.0,0.0,1.0,183
1000,toutes_avec_reponse,mrr,pryzm_hybride,pryzm_sans_rerank,0.4353,0.365,0.502,0.0,183
1000,toutes_avec_reponse,mrr,pryzm_hybride,pryzm_passage,0.0192,-0.0155,0.0557,0.333,183
1000,toutes_avec_reponse,mrr,pryzm_hybride,bm25,0.2054,0.1368,0.2738,0.0,183
1000,toutes_avec_reponse,mrr,pryzm_hybride,dense_e5,0.0503,-0.003,0.1038,0.053,183
1000,toutes_avec_reponse,r@5,pryzm_actuel,pryzm_hybride,0.0,0.0,0.0,1.0,183
1000,toutes_avec_reponse,r@5,pryzm_actuel,pryzm_sans_rerank,0.2896,0.2158,0.3661,0.0,183
1000,toutes_avec_reponse,r@5,pryzm_actuel,pryzm_passage,0.0301,-0.0109,0.0738,0.215,183
1000,toutes_avec_reponse,r@5,pryzm_actuel,bm25,0.2158,0.1421,0.2869,0.0,183
1000,toutes_avec_reponse,r@5,pryzm_actuel,dense_e5,0.0055,-0.041,0.0574,0.845,183
1000,toutes_avec_reponse,r@5,pryzm_hybride,pryzm_actuel,0.0,0.0,0.0,1.0,183
1000,toutes_avec_reponse,r@5,pryzm_hybride,pryzm_sans_rerank,0.2896,0.2158,0.3661,0.0,183
1000,toutes_avec_reponse,r@5,pryzm_hybride,pryzm_passage,0.0301,-0.0109,0.0738,0.215,183
1000,toutes_avec_reponse,r@5,pryzm_hybride,bm25,0.2158,0.1421,0.2869,0.0,183
1000,toutes_avec_reponse,r@5,pryzm_hybride,dense_e5,0.0055,-0.041,0.0574,0.845,183
1000,toutes_avec_reponse,r@1,pryzm_actuel,pryzm_hybride,0.0,0.0,0.0,1.0,183
1000,toutes_avec_reponse,r@1,pryzm_actuel,pryzm_sans_rerank,0.4317,0.3525,0.5055,0.0,183
1000,toutes_avec_reponse,r@1,pryzm_actuel,pryzm_passage,-0.0055,-0.041,0.0301,0.772,183
1000,toutes_avec_reponse,r@1,pryzm_actuel,bm25,0.1858,0.1147,0.2596,0.0,183
1000,toutes_avec_reponse,r@1,pryzm_actuel,dense_e5,0.0656,-0.0028,0.1339,0.071,183
1000,toutes_avec_reponse,r@1,pryzm_hybride,pryzm_actuel,0.0,0.0,0.0,1.0,183
1000,toutes_avec_reponse,r@1,pryzm_hybride,pryzm_sans_rerank,0.4317,0.3525,0.5055,0.0,183
1000,toutes_avec_reponse,r@1,pryzm_hybride,pryzm_passage,-0.0055,-0.041,0.0301,0.772,183
1000,toutes_avec_reponse,r@1,pryzm_hybride,bm25,0.1858,0.1147,0.2596,0.0,183
1000,toutes_avec_reponse,r@1,pryzm_hybride,dense_e5,0.0656,-0.0028,0.1339,0.071,183
1000,simple,mrr,pryzm_actuel,pryzm_hybride,0.0,0.0,0.0,1.0,135
1000,simple,mrr,pryzm_actuel,pryzm_sans_rerank,0.4062,0.317,0.4936,0.0,135
1000,simple,mrr,pryzm_actuel,pryzm_passage,-0.0034,-0.046,0.0414,0.822,135
1000,simple,mrr,pryzm_actuel,bm25,0.2338,0.155,0.3141,0.0,135
1000,simple,mrr,pryzm_actuel,dense_e5,0.0597,-0.0016,0.1258,0.051,135
1000,simple,mrr,pryzm_hybride,pryzm_actuel,0.0,0.0,0.0,1.0,135
1000,simple,mrr,pryzm_hybride,pryzm_sans_rerank,0.4062,0.317,0.4936,0.0,135
1000,simple,mrr,pryzm_hybride,pryzm_passage,-0.0034,-0.046,0.0414,0.822,135
1000,simple,mrr,pryzm_hybride,bm25,0.2338,0.155,0.3141,0.0,135
1000,simple,mrr,pryzm_hybride,dense_e5,0.0597,-0.0016,0.1258,0.051,135
1000,multihop,complet@5,pryzm_actuel,pryzm_hybride,0.0,0.0,0.0,1.0,24
1000,multihop,complet@5,pryzm_actuel,pryzm_sans_rerank,0.1667,0.0417,0.3333,0.028,24
1000,multihop,complet@5,pryzm_actuel,pryzm_passage,0.0417,0.0,0.125,0.723,24
1000,multihop,complet@5,pryzm_actuel,bm25,0.0417,-0.0833,0.2083,0.779,24
1000,multihop,complet@5,pryzm_actuel,dense_e5,0.0417,-0.0833,0.1667,0.783,24
1000,multihop,complet@5,pryzm_hybride,pryzm_actuel,0.0,0.0,0.0,1.0,24
1000,multihop,complet@5,pryzm_hybride,pryzm_sans_rerank,0.1667,0.0417,0.3333,0.028,24
1000,multihop,complet@5,pryzm_hybride,pryzm_passage,0.0417,0.0,0.125,0.723,24
1000,multihop,complet@5,pryzm_hybride,bm25,0.0417,-0.0833,0.2083,0.779,24
1000,multihop,complet@5,pryzm_hybride,dense_e5,0.0417,-0.0833,0.1667,0.783,24
1000,temporal,a_jour@5,pryzm_actuel,pryzm_hybride,0.0,0.0,0.0,1.0,24
1000,temporal,a_jour@5,pryzm_actuel,pryzm_sans_rerank,-0.4583,-0.6667,-0.25,0.0,24
1000,temporal,a_jour@5,pryzm_actuel,pryzm_passage,0.0,0.0,0.0,1.0,24
1000,temporal,a_jour@5,pryzm_actuel,bm25,0.2083,0.0417,0.375,0.002,24
1000,temporal,a_jour@5,pryzm_actuel,dense_e5,-0.0417,-0.3333,0.25,0.906,24
1000,temporal,a_jour@5,pryzm_hybride,pryzm_actuel,0.0,0.0,0.0,1.0,24
1000,temporal,a_jour@5,pryzm_hybride,pryzm_sans_rerank,-0.4583,-0.6667,-0.25,0.0,24
1000,temporal,a_jour@5,pryzm_hybride,pryzm_passage,0.0,0.0,0.0,1.0,24
1000,temporal,a_jour@5,pryzm_hybride,bm25,0.2083,0.0417,0.375,0.002,24
1000,temporal,a_jour@5,pryzm_hybride,dense_e5,-0.0417,-0.3333,0.25,0.906,24
1000,style_indirecte,r@5,pryzm_actuel,pryzm_hybride,0.0,0.0,0.0,1.0,45
1000,style_indirecte,r@5,pryzm_actuel,pryzm_sans_rerank,0.1333,-0.0222,0.2889,0.118,45
1000,style_indirecte,r@5,pryzm_actuel,pryzm_passage,0.0667,-0.0444,0.1778,0.336,45
1000,style_indirecte,r@5,pryzm_actuel,bm25,0.1778,0.0222,0.3333,0.03,45
1000,style_indirecte,r@5,pryzm_actuel,dense_e5,0.0444,-0.0889,0.1778,0.649,45
1000,style_indirecte,r@5,pryzm_hybride,pryzm_actuel,0.0,0.0,0.0,1.0,45
1000,style_indirecte,r@5,pryzm_hybride,pryzm_sans_rerank,0.1333,-0.0222,0.2889,0.118,45
1000,style_indirecte,r@5,pryzm_hybride,pryzm_passage,0.0667,-0.0444,0.1778,0.336,45
1000,style_indirecte,r@5,pryzm_hybride,bm25,0.1778,0.0222,0.3333,0.03,45
1000,style_indirecte,r@5,pryzm_hybride,dense_e5,0.0444,-0.0889,0.1778,0.649,45
1000,style_crosslingue,r@5,pryzm_actuel,pryzm_hybride,0.0,0.0,0.0,1.0,45
1000,style_crosslingue,r@5,pryzm_actuel,pryzm_sans_rerank,0.3333,0.1778,0.4889,0.0,45
1000,style_crosslingue,r@5,pryzm_actuel,pryzm_passage,-0.0444,-0.1333,0.0444,0.424,45
1000,style_crosslingue,r@5,pryzm_actuel,bm25,0.4,0.2667,0.5556,0.0,45
1000,style_crosslingue,r@5,pryzm_actuel,dense_e5,0.0444,-0.0667,0.1556,0.532,45
1000,style_crosslingue,r@5,pryzm_hybride,pryzm_actuel,0.0,0.0,0.0,1.0,45
1000,style_crosslingue,r@5,pryzm_hybride,pryzm_sans_rerank,0.3333,0.1778,0.4889,0.0,45
1000,style_crosslingue,r@5,pryzm_hybride,pryzm_passage,-0.0444,-0.1333,0.0444,0.424,45
1000,style_crosslingue,r@5,pryzm_hybride,bm25,0.4,0.2667,0.5556,0.0,45
1000,style_crosslingue,r@5,pryzm_hybride,dense_e5,0.0444,-0.0667,0.1556,0.532,45
1000,style_identifiant,r@5,pryzm_actuel,pryzm_hybride,0.0,0.0,0.0,1.0,4
1000,style_identifiant,r@5,pryzm_actuel,pryzm_sans_rerank,0.75,0.25,1.0,0.006,4
1000,style_identifiant,r@5,pryzm_actuel,pryzm_passage,0.0,0.0,0.0,1.0,4
1000,style_identifiant,r@5,pryzm_actuel,bm25,0.0,0.0,0.0,1.0,4
1000,style_identifiant,r@5,pryzm_actuel,dense_e5,0.0,0.0,0.0,1.0,4
1000,style_identifiant,r@5,pryzm_hybride,pryzm_actuel,0.0,0.0,0.0,1.0,4
1000,style_identifiant,r@5,pryzm_hybride,pryzm_sans_rerank,0.75,0.25,1.0,0.006,4
1000,style_identifiant,r@5,pryzm_hybride,pryzm_passage,0.0,0.0,0.0,1.0,4
1000,style_identifiant,r@5,pryzm_hybride,bm25,0.0,0.0,0.0,1.0,4
1000,style_identifiant,r@5,pryzm_hybride,dense_e5,0.0,0.0,0.0,1.0,4
1000,sans_reponse,abstention_ok,pryzm_actuel,pryzm_hybride,0.0,0.0,0.0,1.0,40
1000,sans_reponse,abstention_ok,pryzm_actuel,pryzm_sans_rerank,0.0,0.0,0.0,1.0,40
1000,sans_reponse,abstention_ok,pryzm_actuel,pryzm_passage,0.0,0.0,0.0,1.0,40
1000,sans_reponse,abstention_ok,pryzm_actuel,bm25,-0.575,-0.725,-0.425,0.0,40
1000,sans_reponse,abstention_ok,pryzm_actuel,dense_e5,0.0,0.0,0.0,1.0,40
1000,sans_reponse,abstention_ok,pryzm_hybride,pryzm_actuel,0.0,0.0,0.0,1.0,40
1000,sans_reponse,abstention_ok,pryzm_hybride,pryzm_sans_rerank,0.0,0.0,0.0,1.0,40
1000,sans_reponse,abstention_ok,pryzm_hybride,pryzm_passage,0.0,0.0,0.0,1.0,40
1000,sans_reponse,abstention_ok,pryzm_hybride,bm25,-0.575,-0.725,-0.425,0.0,40
1000,sans_reponse,abstention_ok,pryzm_hybride,dense_e5,0.0,0.0,0.0,1.0,40
2000,toutes_avec_reponse,mrr,pryzm_actuel,pryzm_hybride,0.0,0.0,0.0,1.0,183
2000,toutes_avec_reponse,mrr,pryzm_actuel,pryzm_sans_rerank,0.4262,0.3556,0.493,0.0,183
2000,toutes_avec_reponse,mrr,pryzm_actuel,pryzm_passage,0.0369,-0.0033,0.0792,0.083,183
2000,toutes_avec_reponse,mrr,pryzm_actuel,bm25,0.1648,0.0891,0.2371,0.0,183
2000,toutes_avec_reponse,mrr,pryzm_actuel,dense_e5,0.0219,-0.035,0.0752,0.419,183
2000,toutes_avec_reponse,mrr,pryzm_hybride,pryzm_actuel,0.0,0.0,0.0,1.0,183
2000,toutes_avec_reponse,mrr,pryzm_hybride,pryzm_sans_rerank,0.4262,0.3556,0.493,0.0,183
2000,toutes_avec_reponse,mrr,pryzm_hybride,pryzm_passage,0.0369,-0.0033,0.0792,0.083,183
2000,toutes_avec_reponse,mrr,pryzm_hybride,bm25,0.1648,0.0891,0.2371,0.0,183
2000,toutes_avec_reponse,mrr,pryzm_hybride,dense_e5,0.0219,-0.035,0.0752,0.419,183
2000,toutes_avec_reponse,r@5,pryzm_actuel,pryzm_hybride,0.0,0.0,0.0,1.0,183
2000,toutes_avec_reponse,r@5,pryzm_actuel,pryzm_sans_rerank,0.3033,0.224,0.3798,0.0,183
2000,toutes_avec_reponse,r@5,pryzm_actuel,pryzm_passage,0.0574,0.0137,0.1038,0.016,183
2000,toutes_avec_reponse,r@5,pryzm_actuel,bm25,0.1858,0.1066,0.2623,0.0,183
2000,toutes_avec_reponse,r@5,pryzm_actuel,dense_e5,-0.0109,-0.0574,0.0383,0.747,183
2000,toutes_avec_reponse,r@5,pryzm_hybride,pryzm_actuel,0.0,0.0,0.0,1.0,183
2000,toutes_avec_reponse,r@5,pryzm_hybride,pryzm_sans_rerank,0.3033,0.224,0.3798,0.0,183
2000,toutes_avec_reponse,r@5,pryzm_hybride,pryzm_passage,0.0574,0.0137,0.1038,0.016,183
2000,toutes_avec_reponse,r@5,pryzm_hybride,bm25,0.1858,0.1066,0.2623,0.0,183
2000,toutes_avec_reponse,r@5,pryzm_hybride,dense_e5,-0.0109,-0.0574,0.0383,0.747,183
2000,toutes_avec_reponse,r@1,pryzm_actuel,pryzm_hybride,0.0,0.0,0.0,1.0,183
2000,toutes_avec_reponse,r@1,pryzm_actuel,pryzm_sans_rerank,0.429,0.3497,0.5055,0.0,183
2000,toutes_avec_reponse,r@1,pryzm_actuel,pryzm_passage,0.0164,-0.0246,0.0574,0.461,183
2000,toutes_avec_reponse,r@1,pryzm_actuel,bm25,0.1557,0.0792,0.2322,0.0,183
2000,toutes_avec_reponse,r@1,pryzm_actuel,dense_e5,0.0383,-0.0355,0.1093,0.329,183
2000,toutes_avec_reponse,r@1,pryzm_hybride,pryzm_actuel,0.0,0.0,0.0,1.0,183
2000,toutes_avec_reponse,r@1,pryzm_hybride,pryzm_sans_rerank,0.429,0.3497,0.5055,0.0,183
2000,toutes_avec_reponse,r@1,pryzm_hybride,pryzm_passage,0.0164,-0.0246,0.0574,0.461,183
2000,toutes_avec_reponse,r@1,pryzm_hybride,bm25,0.1557,0.0792,0.2322,0.0,183
2000,toutes_avec_reponse,r@1,pryzm_hybride,dense_e5,0.0383,-0.0355,0.1093,0.329,183
2000,simple,mrr,pryzm_actuel,pryzm_hybride,0.0,0.0,0.0,1.0,135
2000,simple,mrr,pryzm_actuel,pryzm_sans_rerank,0.4081,0.3246,0.494,0.0,135
2000,simple,mrr,pryzm_actuel,pryzm_passage,0.0334,-0.0191,0.0893,0.184,135
2000,simple,mrr,pryzm_actuel,bm25,0.1878,0.1008,0.2723,0.0,135
2000,simple,mrr,pryzm_actuel,dense_e5,0.0216,-0.0451,0.0858,0.495,135
2000,simple,mrr,pryzm_hybride,pryzm_actuel,0.0,0.0,0.0,1.0,135
2000,simple,mrr,pryzm_hybride,pryzm_sans_rerank,0.4081,0.3246,0.494,0.0,135
2000,simple,mrr,pryzm_hybride,pryzm_passage,0.0334,-0.0191,0.0893,0.184,135
2000,simple,mrr,pryzm_hybride,bm25,0.1878,0.1008,0.2723,0.0,135
2000,simple,mrr,pryzm_hybride,dense_e5,0.0216,-0.0451,0.0858,0.495,135
2000,multihop,complet@5,pryzm_actuel,pryzm_hybride,0.0,0.0,0.0,1.0,24
2000,multihop,complet@5,pryzm_actuel,pryzm_sans_rerank,0.0833,0.0,0.2083,0.24,24
2000,multihop,complet@5,pryzm_actuel,pryzm_passage,0.0,0.0,0.0,1.0,24
2000,multihop,complet@5,pryzm_actuel,bm25,-0.0417,-0.1667,0.0833,0.769,24
2000,multihop,complet@5,pryzm_actuel,dense_e5,0.0,0.0,0.0,1.0,24
2000,multihop,complet@5,pryzm_hybride,pryzm_actuel,0.0,0.0,0.0,1.0,24
2000,multihop,complet@5,pryzm_hybride,pryzm_sans_rerank,0.0833,0.0,0.2083,0.24,24
2000,multihop,complet@5,pryzm_hybride,pryzm_passage,0.0,0.0,0.0,1.0,24
2000,multihop,complet@5,pryzm_hybride,bm25,-0.0417,-0.1667,0.0833,0.769,24
2000,multihop,complet@5,pryzm_hybride,dense_e5,0.0,0.0,0.0,1.0,24
2000,temporal,a_jour@5,pryzm_actuel,pryzm_hybride,0.0,0.0,0.0,1.0,24
2000,temporal,a_jour@5,pryzm_actuel,pryzm_sans_rerank,-0.4583,-0.6667,-0.25,0.0,24
2000,temporal,a_jour@5,pryzm_actuel,pryzm_passage,0.0,0.0,0.0,1.0,24
2000,temporal,a_jour@5,pryzm_actuel,bm25,0.2083,0.0417,0.375,0.002,24
2000,temporal,a_jour@5,pryzm_actuel,dense_e5,-0.0417,-0.3333,0.25,0.906,24
2000,temporal,a_jour@5,pryzm_hybride,pryzm_actuel,0.0,0.0,0.0,1.0,24
2000,temporal,a_jour@5,pryzm_hybride,pryzm_sans_rerank,-0.4583,-0.6667,-0.25,0.0,24
2000,temporal,a_jour@5,pryzm_hybride,pryzm_passage,0.0,0.0,0.0,1.0,24
2000,temporal,a_jour@5,pryzm_hybride,bm25,0.2083,0.0417,0.375,0.002,24
2000,temporal,a_jour@5,pryzm_hybride,dense_e5,-0.0417,-0.3333,0.25,0.906,24
2000,style_indirecte,r@5,pryzm_actuel,pryzm_hybride,0.0,0.0,0.0,1.0,45
2000,style_indirecte,r@5,pryzm_actuel,pryzm_sans_rerank,0.1111,-0.0667,0.2889,0.24,45
2000,style_indirecte,r@5,pryzm_actuel,pryzm_passage,0.0222,-0.0667,0.1111,0.821,45
2000,style_indirecte,r@5,pryzm_actuel,bm25,0.1333,-0.0222,0.2889,0.122,45
2000,style_indirecte,r@5,pryzm_actuel,dense_e5,0.0,-0.1333,0.1333,1.0,45
2000,style_indirecte,r@5,pryzm_hybride,pryzm_actuel,0.0,0.0,0.0,1.0,45
2000,style_indirecte,r@5,pryzm_hybride,pryzm_sans_rerank,0.1111,-0.0667,0.2889,0.24,45
2000,style_indirecte,r@5,pryzm_hybride,pryzm_passage,0.0222,-0.0667,0.1111,0.821,45
2000,style_indirecte,r@5,pryzm_hybride,bm25,0.1333,-0.0222,0.2889,0.122,45
2000,style_indirecte,r@5,pryzm_hybride,dense_e5,0.0,-0.1333,0.1333,1.0,45
2000,style_crosslingue,r@5,pryzm_actuel,pryzm_hybride,0.0,0.0,0.0,1.0,45
2000,style_crosslingue,r@5,pryzm_actuel,pryzm_sans_rerank,0.3778,0.2222,0.5333,0.0,45
2000,style_crosslingue,r@5,pryzm_actuel,pryzm_passage,0.0667,-0.0444,0.1778,0.324,45
2000,style_crosslingue,r@5,pryzm_actuel,bm25,0.3333,0.1556,0.5111,0.0,45
2000,style_crosslingue,r@5,pryzm_actuel,dense_e5,-0.0222,-0.1333,0.0889,0.87,45
2000,style_crosslingue,r@5,pryzm_hybride,pryzm_actuel,0.0,0.0,0.0,1.0,45
2000,style_crosslingue,r@5,pryzm_hybride,pryzm_sans_rerank,0.3778,0.2222,0.5333,0.0,45
2000,style_crosslingue,r@5,pryzm_hybride,pryzm_passage,0.0667,-0.0444,0.1778,0.324,45
2000,style_crosslingue,r@5,pryzm_hybride,bm25,0.3333,0.1556,0.5111,0.0,45
2000,style_crosslingue,r@5,pryzm_hybride,dense_e5,-0.0222,-0.1333,0.0889,0.87,45
2000,style_identifiant,r@5,pryzm_actuel,pryzm_hybride,0.0,0.0,0.0,1.0,4
2000,style_identifiant,r@5,pryzm_actuel,pryzm_sans_rerank,1.0,1.0,1.0,0.0,4
2000,style_identifiant,r@5,pryzm_actuel,pryzm_passage,0.25,0.0,0.75,0.675,4
2000,style_identifiant,r@5,pryzm_actuel,bm25,0.0,0.0,0.0,1.0,4
2000,style_identifiant,r@5,pryzm_actuel,dense_e5,0.0,0.0,0.0,1.0,4
2000,style_identifiant,r@5,pryzm_hybride,pryzm_actuel,0.0,0.0,0.0,1.0,4
2000,style_identifiant,r@5,pryzm_hybride,pryzm_sans_rerank,1.0,1.0,1.0,0.0,4
2000,style_identifiant,r@5,pryzm_hybride,pryzm_passage,0.25,0.0,0.75,0.675,4
2000,style_identifiant,r@5,pryzm_hybride,bm25,0.0,0.0,0.0,1.0,4
2000,style_identifiant,r@5,pryzm_hybride,dense_e5,0.0,0.0,0.0,1.0,4
2000,sans_reponse,abstention_ok,pryzm_actuel,pryzm_hybride,0.0,0.0,0.0,1.0,40
2000,sans_reponse,abstention_ok,pryzm_actuel,pryzm_sans_rerank,0.0,0.0,0.0,1.0,40
2000,sans_reponse,abstention_ok,pryzm_actuel,pryzm_passage,0.0,0.0,0.0,1.0,40
2000,sans_reponse,abstention_ok,pryzm_actuel,bm25,-0.575,-0.725,-0.425,0.0,40
2000,sans_reponse,abstention_ok,pryzm_actuel,dense_e5,0.0,0.0,0.0,1.0,40
2000,sans_reponse,abstention_ok,pryzm_hybride,pryzm_actuel,0.0,0.0,0.0,1.0,40
2000,sans_reponse,abstention_ok,pryzm_hybride,pryzm_sans_rerank,0.0,0.0,0.0,1.0,40
2000,sans_reponse,abstention_ok,pryzm_hybride,pryzm_passage,0.0,0.0,0.0,1.0,40
2000,sans_reponse,abstention_ok,pryzm_hybride,bm25,-0.575,-0.725,-0.425,0.0,40
2000,sans_reponse,abstention_ok,pryzm_hybride,dense_e5,0.0,0.0,0.0,1.0,40
